artist_group_key,artist_key
2bfa81c65c7aa7ff33a6f6e4ca2ae4eb,2bfa81c65c7aa7ff33a6f6e4ca2ae4eb
2bbbfc164420bd2643f092158899ddef,2bbbfc164420bd2643f092158899ddef
e07c5d50a780b73be97abfc044623912,9832fe5323d86e0825ed9fc0c390c4e7
e07c5d50a780b73be97abfc044623912,263ba9b3644b3b63369d2664e1876c93
7c5ade542574ac355b1779c5ea918e64,44216077a82bc82eb6b08539cb873ae1
7c5ade542574ac355b1779c5ea918e64,ec6a44e3a87195932206a88ff6285d21
af4350be32150434e0aace5c3620def4,652183328d5a32739ca0b3ee38eae087
af4350be32150434e0aace5c3620def4,84fec99ff07bdc288e9525a2473ad1cc
5aa19af88cffcb1c5b65f3c542f68ed9,5aa19af88cffcb1c5b65f3c542f68ed9
8169ad5419df96ed7c523e459a9e54f1,8169ad5419df96ed7c523e459a9e54f1
aab2f6c6c2ef4679444dcbf14dd28742,aab2f6c6c2ef4679444dcbf14dd28742
2d102562b6be0d5e31696a4754155a71,2d102562b6be0d5e31696a4754155a71
2ccfe252b25ba508eec7ffb7a3617fcb,2ccfe252b25ba508eec7ffb7a3617fcb
18bc963752cd1de09a71348766ffed12,18bc963752cd1de09a71348766ffed12
1253ee69fccc013b8ba8204ee8cf457f,1253ee69fccc013b8ba8204ee8cf457f
a0c6a105445ab41fc8117703ded1113c,a0c6a105445ab41fc8117703ded1113c
150261d5e8bef1c0d1258bfc698ee4fa,26ee8a65de64facd1bfa1c3a7d3a8254
150261d5e8bef1c0d1258bfc698ee4fa,b392f83bc59e050cb8bf449859564579
40e3a9ce634334d988f91e601fc0e6ad,40e3a9ce634334d988f91e601fc0e6ad
0090d3889ec127ab0bab0c815d24a5ea,0090d3889ec127ab0bab0c815d24a5ea
bcf96a80956ee901a787d7c10c8380a1,bcf96a80956ee901a787d7c10c8380a1
37c2fcb0b2e2389cd056c2e7f92ca1fc,37c2fcb0b2e2389cd056c2e7f92ca1fc
16fbae61ac4d7d48e64af8c6578293bc,16fbae61ac4d7d48e64af8c6578293bc
f3626d4d9a2aa9d1d19786666943aa6a,f3626d4d9a2aa9d1d19786666943aa6a
ddbe13854f4de7daac81be3cd9776ade,ddbe13854f4de7daac81be3cd9776ade
f3d49c662b77a09c6ec54c0192be5612,f3d49c662b77a09c6ec54c0192be5612
c6646fe8375e1902325d0b1c9b2f099d,c6646fe8375e1902325d0b1c9b2f099d
2cf42bf56096bc9b69700ff8c8673108,2cf42bf56096bc9b69700ff8c8673108
b05c91730fbba5650d41d2f18f357f31,b05c91730fbba5650d41d2f18f357f31
5d37177f3fc58ad4cdaea3dbd249cdb0,5d37177f3fc58ad4cdaea3dbd249cdb0
bf6e82d81678cf6e86fd02f760615856,061d50d21423274cdc628f01016290cd
bf6e82d81678cf6e86fd02f760615856,d0a928753fd66da15093133421f3f3ac
bf6e82d81678cf6e86fd02f760615856,c7be8179cb1acf1d918de9cbdacc57a1
bf6e82d81678cf6e86fd02f760615856,b71c268abc5c9d9ee7f0f8af31c9fa46
10f70b2c263d080b4386e9d9d8cd85e8,10f70b2c263d080b4386e9d9d8cd85e8
673dc41553f303219cb70356e3371ed3,a48ca8bf72fb0456826cd73ac66eb26b
673dc41553f303219cb70356e3371ed3,a3744bc8480b5869b91b1301b75c3e0b
673dc41553f303219cb70356e3371ed3,7e8b94b2ef54ac0665c9a23074e799c7
673dc41553f303219cb70356e3371ed3,88fb885dd8d901600490e27c8c0d277d
1d19f88a0aa69bb9b0c395b2dc1d6f9c,1d19f88a0aa69bb9b0c395b2dc1d6f9c
a5802ced956204f461367c94fa38c1ec,de59f89341e3af296cadfd619358f1f4
a5802ced956204f461367c94fa38c1ec,6a5d3def0b9a1a494f72eb82f643df63
9b38c8dbdc7b01384a39b9720ce5c076,9832fe5323d86e0825ed9fc0c390c4e7
9b38c8dbdc7b01384a39b9720ce5c076,a554a1962b7bb4243d018a5edb9386a5
9b38c8dbdc7b01384a39b9720ce5c076,ed097a3cafce6cff7398888272571207
9b38c8dbdc7b01384a39b9720ce5c076,263ba9b3644b3b63369d2664e1876c93
9b38c8dbdc7b01384a39b9720ce5c076,918703806e68331de3c2c1cf988234e5
9b38c8dbdc7b01384a39b9720ce5c076,7f2465312667f147166ac8d7cda5d4a7
9ed941424de6039769a870266f81ea59,9ed941424de6039769a870266f81ea59
8167290bd740f3e581d8e0247c8efdbe,8167290bd740f3e581d8e0247c8efdbe
38c50b731f70abc42c8baa3e7399b413,38c50b731f70abc42c8baa3e7399b413
f66a86c3deae0412f75dc771a42ccde5,f66a86c3deae0412f75dc771a42ccde5
8ababca1bd23fcc92ad6617a096ad4a0,875dd3c7b4d87d24d4d91270048da901
8ababca1bd23fcc92ad6617a096ad4a0,902b77e324ab047f9812a9d54d66b38b
8df54263cd6e83459c2b82a584b734d5,8df54263cd6e83459c2b82a584b734d5
92333ef94ca48df42ba9e244c1964327,92333ef94ca48df42ba9e244c1964327
62a259c52a81019bc1291d6c2f072797,62a259c52a81019bc1291d6c2f072797
dac335c2011ed8480d2f08a61bad2f8c,dac335c2011ed8480d2f08a61bad2f8c
9aa740c48f4ad6f871dfd4a5677b4105,1d003c29c0b69d5f05fdc269eb29c73f
9aa740c48f4ad6f871dfd4a5677b4105,00c5514c7f4c728d033923f021b12818
9aa740c48f4ad6f871dfd4a5677b4105,9cf7587b1fc32d3d06e522587adad4e7
37196f8afe61d6f42308350418bc6623,9a202a89e6a885fcf3940e6bc0e1a276
37196f8afe61d6f42308350418bc6623,f1d9287a072cc627e83d9cddac6a3cb5
37196f8afe61d6f42308350418bc6623,8758e45b0932a729257963a8dd6181a6
37196f8afe61d6f42308350418bc6623,86971700ecfb0f0f30e0b204b4383105
37196f8afe61d6f42308350418bc6623,8c506cfce5b5ec487c6663bcfce0745a
37196f8afe61d6f42308350418bc6623,ce77f52287a7639fb4f61afccb7d93c2
37196f8afe61d6f42308350418bc6623,994ae1d9731cebe455aff211bcb25b93
d4e4283ed05542e96a921b1b11053af2,b2b3e85ff204867bba3791d776bcda0d
d4e4283ed05542e96a921b1b11053af2,183ec43aaedaaa88b899a1a2c3a7f0ea
e26d6fa99740a8ea5808caa1f7adae99,cd7a140027e0966586a3b9fa7d43f431
e26d6fa99740a8ea5808caa1f7adae99,9a9fd8a5bbe80eebb70c8a615dbc40e3
e54ca469914bc262b958dc327fbe1253,e54ca469914bc262b958dc327fbe1253
0aaa2aed20048107c52a3eff2c0c458f,0aaa2aed20048107c52a3eff2c0c458f
d68b7186255569cd461f364324b17924,d68b7186255569cd461f364324b17924
d830942fec63cce7027f41a38370c90d,d830942fec63cce7027f41a38370c90d
61c6135f04171369a91d9e492aa31b1d,61c6135f04171369a91d9e492aa31b1d
bca4dccfe865dcb43d2fd5b02867fa63,bca4dccfe865dcb43d2fd5b02867fa63
d6c4fedfa07c9bf23868a3ec313efb51,f3626d4d9a2aa9d1d19786666943aa6a
d6c4fedfa07c9bf23868a3ec313efb51,9018e230afdfbcfcb28205ab45149a49
d6c4fedfa07c9bf23868a3ec313efb51,edb862513fd2cb9ecf77f75786879aad
d6c4fedfa07c9bf23868a3ec313efb51,f3274dcc115282d6810d58bf44337b4e
d6c4fedfa07c9bf23868a3ec313efb51,00c5514c7f4c728d033923f021b12818
531e10bd1d52c0272e7e0745ee159e44,531e10bd1d52c0272e7e0745ee159e44
fdac5aac40ec17f503edf9d300ea2581,fdac5aac40ec17f503edf9d300ea2581
6c7db3804a02049e39950d2db61a287a,6c7db3804a02049e39950d2db61a287a
d155bad13e5abeb7e0e0413c0819228b,d155bad13e5abeb7e0e0413c0819228b
1409fd0a4dadff8187055ed832523cd2,1409fd0a4dadff8187055ed832523cd2
e3cbeeccaa40cb2dacb72257a295f4c1,e3cbeeccaa40cb2dacb72257a295f4c1
328dc387fb8328ea7983b2e45fef0fbe,328dc387fb8328ea7983b2e45fef0fbe
da63b38915d622af9f56509c7cdbc861,4bc0a1d294ae76a4a7b343fdb835d857
da63b38915d622af9f56509c7cdbc861,4e882795c54b033fa8eaa9b43b16ad13
5909241f525ec8eaab77303877d2c2ce,5909241f525ec8eaab77303877d2c2ce
789604799590b02ba620810d53a53df2,789604799590b02ba620810d53a53df2
6c92ef33cb2e34237d16fdf3d1a907ee,6c92ef33cb2e34237d16fdf3d1a907ee
ec099555575baa009fcb4c8fd13a2cf5,ec099555575baa009fcb4c8fd13a2cf5
10f8c51f0f567c026c17eb45248dc682,10f8c51f0f567c026c17eb45248dc682
3f5debc639853e8bcf4f665a430b3a86,f6a5b19efcbdbe4a8aa6f9d19e7273bb
3f5debc639853e8bcf4f665a430b3a86,ebd6ae3f2a43deedc973283803a01c8b
3f5debc639853e8bcf4f665a430b3a86,0d8a598da954f82b8326dad596071023
3f5debc639853e8bcf4f665a430b3a86,3ed3bfb2206688225d2c909c809f35c8
3f5debc639853e8bcf4f665a430b3a86,8da2bcd076803381478f2df2fbdc1c4f
d63c51efb34a513a5cb6e645dee37e22,1d003c29c0b69d5f05fdc269eb29c73f
d63c51efb34a513a5cb6e645dee37e22,edb862513fd2cb9ecf77f75786879aad
d63c51efb34a513a5cb6e645dee37e22,e48ec407cf0631bd11f070b91a8b959d
d63c51efb34a513a5cb6e645dee37e22,ec099555575baa009fcb4c8fd13a2cf5
d63c51efb34a513a5cb6e645dee37e22,00c5514c7f4c728d033923f021b12818
86d94959ad70a97055ca754c98dbc5d7,86d94959ad70a97055ca754c98dbc5d7
1eba9614763773df08dd49049663c3e3,1eba9614763773df08dd49049663c3e3
ee54e90a33823e5f1b7847165b18fe57,ee54e90a33823e5f1b7847165b18fe57
0584055986f0d3282f41abc3210fbe4d,0584055986f0d3282f41abc3210fbe4d
c6a857fa6747e6741ce8f486a8636ab8,c6a857fa6747e6741ce8f486a8636ab8
87f89cb210f66f08be297827bb60e44b,87f89cb210f66f08be297827bb60e44b
c4cdc825178495d1f0c10f531cb55bc6,c4cdc825178495d1f0c10f531cb55bc6
9928904ad08cd9c0c0c62980c6d3f1cc,1d003c29c0b69d5f05fdc269eb29c73f
9928904ad08cd9c0c0c62980c6d3f1cc,c7532f22a052d716f7b2310fb52ad981
9928904ad08cd9c0c0c62980c6d3f1cc,00c5514c7f4c728d033923f021b12818
9928904ad08cd9c0c0c62980c6d3f1cc,59cb4e80fb7bfb417c58bd39720a5dfb
e1a17989f6746724cc1574a71d31b697,8c506cfce5b5ec487c6663bcfce0745a
e1a17989f6746724cc1574a71d31b697,ce77f52287a7639fb4f61afccb7d93c2
e1a17989f6746724cc1574a71d31b697,994ae1d9731cebe455aff211bcb25b93
897356954c2cd3d41b221e3f24f99bba,897356954c2cd3d41b221e3f24f99bba
d3d150bc7736ab1c67b9c44e0ff8e21d,11609788a791c5ea4929b323aa764a46
d3d150bc7736ab1c67b9c44e0ff8e21d,e041e36aa439f901d9b9485786732a36
ef485c0a145a2e5097e10dea55a49a35,ef485c0a145a2e5097e10dea55a49a35
4c9114e117b71fa01b165965fe859143,fcb1b6101c828d0edd1bedb6a01a887e
4c9114e117b71fa01b165965fe859143,de1b65f6bb26bc73eb06674a2aab5161
8146d3b7899a8246666526cdb0abc7c9,8146d3b7899a8246666526cdb0abc7c9
a2164127dd98d1a91166d3ca2708bd50,a2164127dd98d1a91166d3ca2708bd50
09f25aefdfaaf68840a58494737ec371,09f25aefdfaaf68840a58494737ec371
e410357735f0bc81244f2b353440c093,e410357735f0bc81244f2b353440c093
64084c2482ecc747fd7831d9f45a07cc,64084c2482ecc747fd7831d9f45a07cc
de476a46fecda8abd67f96bc62f198b9,de476a46fecda8abd67f96bc62f198b9
0a87947681db60d05eedb39d49481a6f,0a87947681db60d05eedb39d49481a6f
d98b9d9514e4018cc64d27b2c2fe1db3,4c88f12f068a55b82ef3618ec2254f66
d98b9d9514e4018cc64d27b2c2fe1db3,e48ec407cf0631bd11f070b91a8b959d
fd350a32703704eb70999bd5760c4a61,fd350a32703704eb70999bd5760c4a61
1eec2c67cf1b799482a5e9800a96836b,003b7834b373a4be97ec57306fc31cae
1eec2c67cf1b799482a5e9800a96836b,5c78ae5e2179ff105e0396a10ba72cc3
9832fe5323d86e0825ed9fc0c390c4e7,9832fe5323d86e0825ed9fc0c390c4e7
8d1cbb9f83b37db303185e4b8a892095,a48ca8bf72fb0456826cd73ac66eb26b
8d1cbb9f83b37db303185e4b8a892095,88fb885dd8d901600490e27c8c0d277d
8d1cbb9f83b37db303185e4b8a892095,a3744bc8480b5869b91b1301b75c3e0b
8d1cbb9f83b37db303185e4b8a892095,7e8b94b2ef54ac0665c9a23074e799c7
f553c71a5eba64a27c963183c2fc11fb,f553c71a5eba64a27c963183c2fc11fb
e204a738c0bed0fca7449271383bdf05,4be627711ee0e2a94ee665ba791db61f
e204a738c0bed0fca7449271383bdf05,aefc8366d4e7f8c267ed1daaa21528af
e204a738c0bed0fca7449271383bdf05,1a9329e697c5de1dc00011ad3a53c2a4
6aa451b53d492a8f5a2fa1fa2855be8b,6aa451b53d492a8f5a2fa1fa2855be8b
45bb439ffe1a54f6da822209861d65b0,45bb439ffe1a54f6da822209861d65b0
b5bada743b9b391adc52591989a0cc8f,35ba1271dff4019593d3034c929e1bbc
b5bada743b9b391adc52591989a0cc8f,c004aeaeb7f963e0bd6f4667dfa008db
b902ee92d6a174b2fda6fc9b2173cad8,b902ee92d6a174b2fda6fc9b2173cad8
5367af3de0ff36f70914a707b8aa0a06,dc195aaeaabc04938d8bb0ad1f419515
5367af3de0ff36f70914a707b8aa0a06,729b332d2a1c3f90bc12659569401801
3ec566a7d21433b0f869d43c3bc0c198,3ec566a7d21433b0f869d43c3bc0c198
8c359ca94573d25a14f54f198780f995,8c359ca94573d25a14f54f198780f995
de59f89341e3af296cadfd619358f1f4,de59f89341e3af296cadfd619358f1f4
df4221ef9fbaf674db2012f124f820ca,59eea0b39272a32dba4aa67225018165
df4221ef9fbaf674db2012f124f820ca,59c528815b3dfdb295ee07190a6ab875
1df995d40262c973a10dbbbb9dc083ad,1df995d40262c973a10dbbbb9dc083ad
fd90da7832a81ed1bfb37088c966d8f7,59c528815b3dfdb295ee07190a6ab875
fd90da7832a81ed1bfb37088c966d8f7,59eea0b39272a32dba4aa67225018165
5dfa913935ce35587703ad2fb11bd58f,5dfa913935ce35587703ad2fb11bd58f
45bdcc1468ef0cc28232c29b48211e37,45bdcc1468ef0cc28232c29b48211e37
98848d66186c10a7dd95dff17f4acdf6,4efdad944e60bb73b3cdbcfd74fefee4
98848d66186c10a7dd95dff17f4acdf6,edc860e2d30b3a5c8823c026e7a79e03
98848d66186c10a7dd95dff17f4acdf6,5c394be443b07b79ca5e39e60a21c7a9
0de657b3a31b30062fbcc8495b843da3,0de657b3a31b30062fbcc8495b843da3
d7e3dd80f6f0f13230cd1d13025196ea,d7e3dd80f6f0f13230cd1d13025196ea
bedb7e500091ef402f0288a57e4d9f8f,ed097a3cafce6cff7398888272571207
bedb7e500091ef402f0288a57e4d9f8f,918703806e68331de3c2c1cf988234e5
7559a1d9a98449c4cfcc5f46481b66c7,8b4b279e1904c54e5fa2a3f820a49c5e
7559a1d9a98449c4cfcc5f46481b66c7,0e263ca84d2b21a75167b97589068a63
7113eb77228f85a2750a644769fbae55,918703806e68331de3c2c1cf988234e5
7113eb77228f85a2750a644769fbae55,ed097a3cafce6cff7398888272571207
65e7ab04fcc156c5ac0413df832ec4d0,65e7ab04fcc156c5ac0413df832ec4d0
afc79829a0020dc5100e3ed6853848ec,65e7ab04fcc156c5ac0413df832ec4d0
afc79829a0020dc5100e3ed6853848ec,cd901e0f194d2905f9519c0146692add
87ed85c4dbe2610ee62774dbaf748a46,9832fe5323d86e0825ed9fc0c390c4e7
87ed85c4dbe2610ee62774dbaf748a46,ed097a3cafce6cff7398888272571207
fb121a7bc55d665ddb384908751d7581,fb121a7bc55d665ddb384908751d7581
4525d4dfcb8bfe71fa1ae4062784ee07,4c88f12f068a55b82ef3618ec2254f66
4525d4dfcb8bfe71fa1ae4062784ee07,36b2a1a6e590fdbb1442b1fc1118ae02
47ae60c1d9ef030e31f4a1d2d9beda02,9832fe5323d86e0825ed9fc0c390c4e7
47ae60c1d9ef030e31f4a1d2d9beda02,ed097a3cafce6cff7398888272571207
47ae60c1d9ef030e31f4a1d2d9beda02,a554a1962b7bb4243d018a5edb9386a5
e85a266b9c20c07c4c68a4add9196ad7,e85a266b9c20c07c4c68a4add9196ad7
ff4f95570867c76b2b0df2b272c903d9,ed097a3cafce6cff7398888272571207
ff4f95570867c76b2b0df2b272c903d9,9832fe5323d86e0825ed9fc0c390c4e7
227dc251e1411f6b6fffcd1c30486f4d,227dc251e1411f6b6fffcd1c30486f4d
6409ea036dfce6940c5e2d5a16cd5bdc,ed097a3cafce6cff7398888272571207
6409ea036dfce6940c5e2d5a16cd5bdc,9832fe5323d86e0825ed9fc0c390c4e7
6409ea036dfce6940c5e2d5a16cd5bdc,a554a1962b7bb4243d018a5edb9386a5
3ae597b8abd36902d42ba3c6e81ba856,e382d5400d70b86b3b173588b81c954e
3ae597b8abd36902d42ba3c6e81ba856,f55c81c84b5c8e50eea20e3e53f95e95
1e2a0ede7b582f5ac268f2afd5b3f820,1e2a0ede7b582f5ac268f2afd5b3f820
c17453e7b42e882fe25f80899edbcc00,b5de00e478087bff0517d3c287980782
c17453e7b42e882fe25f80899edbcc00,f4203ccd1ab45a730274babedea8da74
a8f0db59a9b370c0e6b237c3908e6375,de59f89341e3af296cadfd619358f1f4
a8f0db59a9b370c0e6b237c3908e6375,24e236f19ff5eb4d28f02a128e0d1be2
81fb1057a606f23e8b80beeb2ba9ca81,65e7ab04fcc156c5ac0413df832ec4d0
81fb1057a606f23e8b80beeb2ba9ca81,628ad61f20b5b05d4e686ff6d3002bba
f8fe538593781e212f1b3f646f62dc3c,f8fe538593781e212f1b3f646f62dc3c
be05b49960df40ff2a1c9ceff6afe302,be05b49960df40ff2a1c9ceff6afe302
5135062d57657bab4b3d637519c213f9,52816e112128a62dff04cdcfcc6098cc
5135062d57657bab4b3d637519c213f9,203e3cf77948dd567b8be52f875a8894
2c7d4e45931b3faf96a02ee4303985be,2c7d4e45931b3faf96a02ee4303985be
d4151ccebfbae55e8f7c0f68f6d18e4d,d4151ccebfbae55e8f7c0f68f6d18e4d
9cbb79e65868a240f3c751a3decdb2a9,9cbb79e65868a240f3c751a3decdb2a9
0c87191cd623f685c1ca6f0805ee2997,f553c71a5eba64a27c963183c2fc11fb
0c87191cd623f685c1ca6f0805ee2997,4402b3bae27683fee56b202bfd23bab3
7ae068e144aab71b5c9f9b0a517ade9f,7ae068e144aab71b5c9f9b0a517ade9f
b008dae75f900f1ae77c393ce09443d6,f553c71a5eba64a27c963183c2fc11fb
b008dae75f900f1ae77c393ce09443d6,edbb84b454af1746f90dcf4ce67a8823
6cd5a04f8b4031c9aacdec37136d7885,6cd5a04f8b4031c9aacdec37136d7885
21132f2c6e8fbc139ee6ca60aba5d2b8,21132f2c6e8fbc139ee6ca60aba5d2b8
647be0e1f877b120efa01b45ade8e372,647be0e1f877b120efa01b45ade8e372
07178614884bc31e67ba8c7788b307af,07178614884bc31e67ba8c7788b307af
00e161356dd6e9c27f9fd23367f121a0,27669301810afcb1fd191c2205733144
00e161356dd6e9c27f9fd23367f121a0,4c201ebe3c998035f08e2cd3df254d37
cf43f10b09902f2ebbda588a0165ef71,cf43f10b09902f2ebbda588a0165ef71
7ca28c67b72617f0992a8be7eb6a489f,7ca28c67b72617f0992a8be7eb6a489f
51898a7c9ebaa7a323f0e65ba0cd4e2d,baf997e0b3365e053f6c0ce6cf523860
51898a7c9ebaa7a323f0e65ba0cd4e2d,ec099555575baa009fcb4c8fd13a2cf5
51898a7c9ebaa7a323f0e65ba0cd4e2d,4f970ec98d18d1b49d70e879f88ed76f
6676e02a276e326b4a26603b12e4d069,6676e02a276e326b4a26603b12e4d069
addb70fbc6ee82e7ef3a75ce2d02ed79,addb70fbc6ee82e7ef3a75ce2d02ed79
db241f59be138f177e2b5762a2832358,db241f59be138f177e2b5762a2832358
bb2279259e6b1b5264e862e863804e03,bb2279259e6b1b5264e862e863804e03
d1b40656265ec8b4ce88f13ea959dd2e,d1b40656265ec8b4ce88f13ea959dd2e
56a7b9bc0674bf23e33be87a82113006,a122339662cddb9ca3c25ede0460f147
56a7b9bc0674bf23e33be87a82113006,24e38a493d840757e748c00ab95edffa
ad7d9a2a58dec50873bbe48b670e3784,ad7d9a2a58dec50873bbe48b670e3784
a8332e19b58439b116bf82c593890e9f,d2d950cea2da7feb22fc0aa71aef4b43
a8332e19b58439b116bf82c593890e9f,5887a2fe9a3abaff6cabff86f25d5a5f
18dabf596a0369f7b8dfa12681c280d5,1ecd6f6082dd8281e9c50303310883fe
18dabf596a0369f7b8dfa12681c280d5,955134b2abfeeabbfd736f7800b81d59
6ed990a07d4ae2d4ea3e5376ca7455a2,6ed990a07d4ae2d4ea3e5376ca7455a2
4ea31066810ef3f691bfb50d4c29bac3,793a395ca9ab09ba5ac73008fa94b15a
4ea31066810ef3f691bfb50d4c29bac3,e8e56eac3f5e48d4f6c5daa4ddea193f
77eec18786434138304d263d59b9b97b,b75e6a3a46a853458f1c6f578539aeb0
77eec18786434138304d263d59b9b97b,f172f872825e23016d2c877586aa597d
6bf0946dd33febfd90735fcc14af3a41,6bf0946dd33febfd90735fcc14af3a41
8ba2743336526156e2f0f6e0c7c4d7bb,8ba2743336526156e2f0f6e0c7c4d7bb
38561bf2d959bcbde7817ab7b7b47c2c,38561bf2d959bcbde7817ab7b7b47c2c
09f68a1bef020195ae52293543f1cf56,16e3d6059dd628194e23fe6bc2d50e28
09f68a1bef020195ae52293543f1cf56,b9ed85d757e9fa640adad427f030168b
9ff6e6862d136c5925ab370d696dbe9f,9ff6e6862d136c5925ab370d696dbe9f
9498cfff62ca3992ca606d9f3744891a,9498cfff62ca3992ca606d9f3744891a
6a689ff9fad460d6a88f41ad18a458d8,6a689ff9fad460d6a88f41ad18a458d8
1e575ac239b3c58c2a1d831b0ea19808,1e575ac239b3c58c2a1d831b0ea19808
0d31ead6e049c678f03bedb16b8cb9a6,a52a76647d465c0dc9f003fa478cec8e
0d31ead6e049c678f03bedb16b8cb9a6,1db2b95cc9fe722b40ef4155badaa664
aa7430a310666b3420a5a638d026caf8,aa7430a310666b3420a5a638d026caf8
94103a7e806981d48381a9c7bc3d5109,94103a7e806981d48381a9c7bc3d5109
8928917cfb918fefa94d1094288baf77,8928917cfb918fefa94d1094288baf77
f6af7fe1db7194fc88168da1b14cae1c,e4b63321cc72e3d123e5903536efe4f8
f6af7fe1db7194fc88168da1b14cae1c,f53fdbcf3dec0f72b6e7d992a99e7f83
8ba4525b4120c9c7adc5098643ed22f7,b03cc90c455d92d8e9a0ce331e6de54d
8ba4525b4120c9c7adc5098643ed22f7,d9bfe096094536cd53446e5398bdd412
8ba4525b4120c9c7adc5098643ed22f7,27616d98bb050657ca794c94b92d347a
8ba4525b4120c9c7adc5098643ed22f7,afe59e831735dd23d3ef2f30aa20354f
8ba4525b4120c9c7adc5098643ed22f7,9e5eb9f29346a14476b932833ec30e7c
5014d53af8fcf4d507fc5e7b5d3b911d,5014d53af8fcf4d507fc5e7b5d3b911d
f53fdbcf3dec0f72b6e7d992a99e7f83,f53fdbcf3dec0f72b6e7d992a99e7f83
27616d98bb050657ca794c94b92d347a,27616d98bb050657ca794c94b92d347a
4be5fe4e4ceea5c61e1db708a117b23a,4be5fe4e4ceea5c61e1db708a117b23a
e670e5cae4434f49011d171be8641f97,e670e5cae4434f49011d171be8641f97
5c4320032b6f22094d4d3d4ad6991b92,d9bfe096094536cd53446e5398bdd412
5c4320032b6f22094d4d3d4ad6991b92,27616d98bb050657ca794c94b92d347a
5c4320032b6f22094d4d3d4ad6991b92,b03cc90c455d92d8e9a0ce331e6de54d
5c4320032b6f22094d4d3d4ad6991b92,afe59e831735dd23d3ef2f30aa20354f
5c4320032b6f22094d4d3d4ad6991b92,9e5eb9f29346a14476b932833ec30e7c
d7afa983886989e03fd1cae4a3d5c856,d7afa983886989e03fd1cae4a3d5c856
5d33c1c8bd04f66b1263f0757ea5c47c,f553c71a5eba64a27c963183c2fc11fb
5d33c1c8bd04f66b1263f0757ea5c47c,62a6f4b6bcaf5d9d5cca29140f2be4c8
9b60922cc52e88e552db4e6721529861,875dd3c7b4d87d24d4d91270048da901
9b60922cc52e88e552db4e6721529861,247c9d7adcaf0ff61ca6cafcb928a837
9e813f3bbed9c83f5cd5aa09e59d5bd8,2ab7b9855f57a2fae007269a00e119e8
9e813f3bbed9c83f5cd5aa09e59d5bd8,d0ccd5e00169d0e07c1ba88de2f6dfc1
9e813f3bbed9c83f5cd5aa09e59d5bd8,9e93dd0e27b5594a0af9deddc83e1927
9e813f3bbed9c83f5cd5aa09e59d5bd8,2b8ccb2f6ffbe20ccc1db08080c30343
a5d7a76ed317dcb0be7e81e6c3067636,bd4c0e67bdfd260055375ccb62702168
a5d7a76ed317dcb0be7e81e6c3067636,eef0d2a6a4a12b76210e88eed688f31a
b2efd512c85a4ef8dc655794f1cad4ba,b2efd512c85a4ef8dc655794f1cad4ba
f7308d782158c820b4fac6b6bf14e27e,f7308d782158c820b4fac6b6bf14e27e
24dcea4e5ac9da675821cdbc7fc19236,dec511ba67e5941dcd9c179fc92d5921
24dcea4e5ac9da675821cdbc7fc19236,902b77e324ab047f9812a9d54d66b38b
8ee4a6da85f940aee5cab5eea912a929,e92c45d0ed5c3da366c5b45ae81bb2c8
8ee4a6da85f940aee5cab5eea912a929,05c60711bdfaaf8c63f98fdaedd8bfc9
ce867330298568a95ab93ef966158cc4,ce867330298568a95ab93ef966158cc4
da15ac213d8d8f4141cbf1fdc02507e4,da15ac213d8d8f4141cbf1fdc02507e4
fbcdece236f0d2b34cd7fb90a7589aa9,e2db598f4fa9f7fa459fb30a0c145ce8
fbcdece236f0d2b34cd7fb90a7589aa9,1db2b95cc9fe722b40ef4155badaa664
1a3846528cb88b5a197dc44282cd98d8,1a3846528cb88b5a197dc44282cd98d8
ff0d02c46db8947f276475d3ad401a56,82a16a13eda5cd07ee08c012d9f68b50
ff0d02c46db8947f276475d3ad401a56,d27105e8e5870d76b0e38199aec1ba81
ff0d02c46db8947f276475d3ad401a56,f58eaf0d6d1559ced99e3073c20c9683
ff0d02c46db8947f276475d3ad401a56,be8b2eb3198e8f15a85c7a08a4188a0a
b839adf76705504d08d1f3f822e4ce72,683966d9a83b629775975f80a0430d9b
b839adf76705504d08d1f3f822e4ce72,88b848631ee07769d870184080a4cb55
5bcae65662898e6d39580641b9f6b226,5bcae65662898e6d39580641b9f6b226
34992d47e90e1f0a422f8cf8c9bd8793,34992d47e90e1f0a422f8cf8c9bd8793
0f16978bdde2c342d394e31abc7ad7fb,0f16978bdde2c342d394e31abc7ad7fb
f893be0b4321ceda8e91f85c222da1c3,f893be0b4321ceda8e91f85c222da1c3
35ba1271dff4019593d3034c929e1bbc,35ba1271dff4019593d3034c929e1bbc
f67cefca63f497b8f3994216c14c91f2,8f28cb6e203be3034c0aa94eadce17a5
f67cefca63f497b8f3994216c14c91f2,5c7175a65c0399bc09ab65bb324ad4f1
f67cefca63f497b8f3994216c14c91f2,895205b7deac0ca346b776d7c25712b5
0af07caf0ce81bce6a26a5084f4b24f0,0af07caf0ce81bce6a26a5084f4b24f0
648c015888ae4a6815148b53a505dd56,648c015888ae4a6815148b53a505dd56
f232637e9ccf731c66c85a9c19803808,f232637e9ccf731c66c85a9c19803808
3bfe3369a7fcb1a0b1c8cf4d86f56561,24e38a493d840757e748c00ab95edffa
3bfe3369a7fcb1a0b1c8cf4d86f56561,a122339662cddb9ca3c25ede0460f147
84bb4ff9bfc07c6611685fcc513eb6b4,84bb4ff9bfc07c6611685fcc513eb6b4
e218f02e83162db2b0720303383eeb97,e218f02e83162db2b0720303383eeb97
033fe84c53c535861b0130019372418a,033fe84c53c535861b0130019372418a
c89b4d8fad586c57f9d2e1a282d01052,cd901e0f194d2905f9519c0146692add
c89b4d8fad586c57f9d2e1a282d01052,65e7ab04fcc156c5ac0413df832ec4d0
7d6db6c62ae9be210f9c21697dd71335,7d6db6c62ae9be210f9c21697dd71335
ff45bd9a024c61169a542316bd7b3b1a,ff45bd9a024c61169a542316bd7b3b1a
7c908e16c73a0f525ee3700aeb8ece73,895205b7deac0ca346b776d7c25712b5
7c908e16c73a0f525ee3700aeb8ece73,2b03c7fddf23cada31fa3b0de238c708
c57aff5f67d1144aab8b32833a9989ec,c57aff5f67d1144aab8b32833a9989ec
4ccfa9795935dc56c35a84bebeee677c,23a2193a36b72b1eba98b0bee269edde
4ccfa9795935dc56c35a84bebeee677c,24dbc2b917472b089a5052b23f11f30f
4ccfa9795935dc56c35a84bebeee677c,2300388dac146a64792bd677badf8685
4ccfa9795935dc56c35a84bebeee677c,dd928ff63887886ba74de4b3e093ce0a
ecae9d40d21000267a67460b27976891,ecae9d40d21000267a67460b27976891
a4e9366d9e795e16745575814cfb4154,a4e9366d9e795e16745575814cfb4154
947b52825097de36565420c57d42ca0f,947b52825097de36565420c57d42ca0f
b34de41c8e40aca6c4671b32466b77e5,b34de41c8e40aca6c4671b32466b77e5
d81e08884772dc46197a177d115bed12,d81e08884772dc46197a177d115bed12
9d884c58ca2d78fe5f32fefa1e1cc093,9d884c58ca2d78fe5f32fefa1e1cc093
60cb278a24883956c8c23161b37608f4,60cb278a24883956c8c23161b37608f4
bff2a9ce2a3f1454feda8f6621b7f18a,08978505ff171fa94ffd343a55f3169c
bff2a9ce2a3f1454feda8f6621b7f18a,cffd871aac30737a97a534f54e308fde
bff2a9ce2a3f1454feda8f6621b7f18a,22a577559473603593fb157ad4dad900
c002f07169395a82025f8724fcd401ba,c002f07169395a82025f8724fcd401ba
eae89ce52de2966a965dddf30654fd78,eae89ce52de2966a965dddf30654fd78
327bf29220b94e30a750d0d04d9633ee,327bf29220b94e30a750d0d04d9633ee
d78432a2c47ee388e05c16c0ec770739,d78432a2c47ee388e05c16c0ec770739
8a6a0ff9b05a8b22e88e5c4986350ba1,1db2b95cc9fe722b40ef4155badaa664
8a6a0ff9b05a8b22e88e5c4986350ba1,a52a76647d465c0dc9f003fa478cec8e
263ba9b3644b3b63369d2664e1876c93,263ba9b3644b3b63369d2664e1876c93
676648d942140f04632ceef287e58fd7,9ddb66699d7ef7cf5111299dde14d51a
676648d942140f04632ceef287e58fd7,78a9d1df18f63317c417ce0f203c3a93
c6f07b1ce8e741710e35a631811764cb,c6f07b1ce8e741710e35a631811764cb
3d2f2c75aedce86583df412215996b36,23a2193a36b72b1eba98b0bee269edde
3d2f2c75aedce86583df412215996b36,dd928ff63887886ba74de4b3e093ce0a
3d2f2c75aedce86583df412215996b36,24dbc2b917472b089a5052b23f11f30f
3d2f2c75aedce86583df412215996b36,2300388dac146a64792bd677badf8685
55c8c82afe4f4769e5821c0c57d19400,64cb72e956197a026f545fbe05536551
55c8c82afe4f4769e5821c0c57d19400,659c92dfad782db513c926734ca18e0c
0bba6cb2e5351389059cae65d1b21b6a,0bba6cb2e5351389059cae65d1b21b6a
aefc8366d4e7f8c267ed1daaa21528af,aefc8366d4e7f8c267ed1daaa21528af
aa968850a9d255494612acd0552f8fcd,aa968850a9d255494612acd0552f8fcd
0748d939ab650fce98a15852d6fb38a4,0748d939ab650fce98a15852d6fb38a4
965894fdf809f1d261b4f4840eb576c9,aa7430a310666b3420a5a638d026caf8
965894fdf809f1d261b4f4840eb576c9,acc9e045e4b8f5172d0ac72a8ef49476
8f44ae2c0984f874720b023565455f08,8f44ae2c0984f874720b023565455f08
33530ac32ac0ec165c1a131d7864a6fb,33530ac32ac0ec165c1a131d7864a6fb
95f3c67d87a98b3c68a1c51877d3b25b,95f3c67d87a98b3c68a1c51877d3b25b
b61889255a7f7ad9dade96b95e39dd81,b61889255a7f7ad9dade96b95e39dd81
471a6131d652142161be0606a09f685a,471a6131d652142161be0606a09f685a
4ce686fe29a67c6c95cd092bf68a457e,4ce686fe29a67c6c95cd092bf68a457e
c94b77c5fdc3a79901bcce1f421a8403,effbbbdf75ed154b53443babbbe6c4c3
c94b77c5fdc3a79901bcce1f421a8403,e2db598f4fa9f7fa459fb30a0c145ce8
d50df3d5462199c546dbc106fece8559,d50df3d5462199c546dbc106fece8559
db0e6c3944117b74d7df3a98aca46c6d,db0e6c3944117b74d7df3a98aca46c6d
f61306414286dd0832bec1e70d393546,f61306414286dd0832bec1e70d393546
f8dd510f26176f36458b8498dcc596c0,f8dd510f26176f36458b8498dcc596c0
f6b7f8c2179d8f6f0c21d91fb0b101f7,ee54e90a33823e5f1b7847165b18fe57
f6b7f8c2179d8f6f0c21d91fb0b101f7,ff46b252cce94164f164ecbb0e6a921d
abde83fd50443445a429637c269ca0a5,abde83fd50443445a429637c269ca0a5
cd0c9de597d31660dbe49c68af1e4ef8,cd0c9de597d31660dbe49c68af1e4ef8
ab65a9bd243ddba97fef5ffe5d526730,ab65a9bd243ddba97fef5ffe5d526730
d1a4b908bf1e234cf5ee148bcb4c16f9,ed097a3cafce6cff7398888272571207
d1a4b908bf1e234cf5ee148bcb4c16f9,9832fe5323d86e0825ed9fc0c390c4e7
d1a4b908bf1e234cf5ee148bcb4c16f9,a554a1962b7bb4243d018a5edb9386a5
d1a4b908bf1e234cf5ee148bcb4c16f9,263ba9b3644b3b63369d2664e1876c93
d1a4b908bf1e234cf5ee148bcb4c16f9,7f2465312667f147166ac8d7cda5d4a7
d1a4b908bf1e234cf5ee148bcb4c16f9,918703806e68331de3c2c1cf988234e5
1deb3348c654b874cfdb0177564ba9e9,1deb3348c654b874cfdb0177564ba9e9
c74c767c8d260820939379aea424c151,12f90ed2afdd46edeecb6cead7981056
c74c767c8d260820939379aea424c151,af96e1b42a20c4030414f72ef35682d7
abdf292ab5a9cc7824a69c769ef29418,f553c71a5eba64a27c963183c2fc11fb
abdf292ab5a9cc7824a69c769ef29418,cddaf976fac4ab2e8b5df93f6afd1a9f
abdf292ab5a9cc7824a69c769ef29418,2fb0f6ff2fb87e2eeece930c7171d66f
41084537afc680ed7670aa590ffaad85,41084537afc680ed7670aa590ffaad85
f9581492c91ac0a729b7be31136b685d,f9581492c91ac0a729b7be31136b685d
e8bcd2a75837cde1b7aee94ffdccccdb,e8bcd2a75837cde1b7aee94ffdccccdb
751306dd4711e1fc8c683d7927bb9e9f,751306dd4711e1fc8c683d7927bb9e9f
cbce29fce0faf79dbdc441b5bebea96b,01680d503975b0fc59af4cc51c460e0b
cbce29fce0faf79dbdc441b5bebea96b,cc19432da10e90b98fe84c8dc1bcad9d
12a9ef37a961dca1bdda0e499ac51d8d,12a9ef37a961dca1bdda0e499ac51d8d
083ae8f8e6096c0082aecc0cd9db8de0,875dd3c7b4d87d24d4d91270048da901
083ae8f8e6096c0082aecc0cd9db8de0,da61ed7ab765111a42fed325bd3f102e
b50c542f61558d27c01e8015a3c0e962,a3e1bd3f3c68628444c4d9a180d012e7
b50c542f61558d27c01e8015a3c0e962,94f6873e7708d0b12a5f8b045b2b4433
962b4e87447e49f1c109aeaed03b038e,962b4e87447e49f1c109aeaed03b038e
afbf050b8ef0f848b02f889cd40e228a,9832fe5323d86e0825ed9fc0c390c4e7
afbf050b8ef0f848b02f889cd40e228a,bde19ef9f47bbf788d335c330386a1e0
1f4c082a9b37f5b540a9eeaf4318f092,6b945725f10adfe8d09abbb5a5d149e4
1f4c082a9b37f5b540a9eeaf4318f092,ca18f3cf2fd9adb391d4770c33286f0c
002e414434f596778a5fcf185c68a7d8,002e414434f596778a5fcf185c68a7d8
1c9ca786394223c382bd2cf567287f6d,1c9ca786394223c382bd2cf567287f6d
3f7ae8a5c4bf8f2acbcaeb510a7a3fdd,e5218fff0cfd410419c6c900b82b579e
3f7ae8a5c4bf8f2acbcaeb510a7a3fdd,d4151ccebfbae55e8f7c0f68f6d18e4d
38f909a1beaee850ffea37bbb8848119,38f909a1beaee850ffea37bbb8848119
ebb48c69979c38786459f1ea64a2d5b9,ebb48c69979c38786459f1ea64a2d5b9
e5772424dce93e5698ee576edcd219a8,e5772424dce93e5698ee576edcd219a8
4b31d7740ba68ddf474fb5c0c1d7cda4,ca18f3cf2fd9adb391d4770c33286f0c
4b31d7740ba68ddf474fb5c0c1d7cda4,a5b8d5e03ee70036b96e11be73c07234
115b44dfb4b2839625c2d2be68261b5c,c57aff5f67d1144aab8b32833a9989ec
115b44dfb4b2839625c2d2be68261b5c,8efe7515e2fd1b71bfcc0aae9cb7d12f
c5efcdbd24798f81916b2df215df45dc,c5efcdbd24798f81916b2df215df45dc
4206972e46f63243c736cd9223aa9eac,4206972e46f63243c736cd9223aa9eac
1b7676b500a6ea30960e6c3c2c1a3a50,edb862513fd2cb9ecf77f75786879aad
1b7676b500a6ea30960e6c3c2c1a3a50,2a2ac41d6669e4b6430ca3d9858b338d
1b7676b500a6ea30960e6c3c2c1a3a50,1d003c29c0b69d5f05fdc269eb29c73f
1b7676b500a6ea30960e6c3c2c1a3a50,652f13ce35cceddeef38dbff29d3f856
1b7676b500a6ea30960e6c3c2c1a3a50,0e911de215bc1ca867c006f543e1946d
1b7676b500a6ea30960e6c3c2c1a3a50,f3626d4d9a2aa9d1d19786666943aa6a
1b7676b500a6ea30960e6c3c2c1a3a50,00c5514c7f4c728d033923f021b12818
caebfa2ebb297e67bae0b9b425eceb3d,caebfa2ebb297e67bae0b9b425eceb3d
4172989e6bf5b674bd2a7a6dc770790b,4172989e6bf5b674bd2a7a6dc770790b
66d98cd25c3df4da90f7b31bb15ee056,66d98cd25c3df4da90f7b31bb15ee056
fdd6ae70af7bd2a46ea68d3d123a2e3e,fdd6ae70af7bd2a46ea68d3d123a2e3e
a7e2d4d3b1180519de3ca40ba8081c18,a7e2d4d3b1180519de3ca40ba8081c18
9eb44e32b4103c1c924b330c54873373,9eb44e32b4103c1c924b330c54873373
3f2447c6d1fd02f8ca4a6073113d6d72,3f2447c6d1fd02f8ca4a6073113d6d72
d15f4b5e8096652921d5d6b045a0cce2,d15f4b5e8096652921d5d6b045a0cce2
f041711252bdcffd6812f0379fccfd37,f041711252bdcffd6812f0379fccfd37
2297b5795f760d3c5aa6f2ec0c5b68f7,576f50209c59e2cc81a309480f4ee1ab
2297b5795f760d3c5aa6f2ec0c5b68f7,7474728530c7fc6e91239d6711dfe409
c4188a29d9082633a468e5508481759a,0f5e4259a8525db8527a48f15da119d1
c4188a29d9082633a468e5508481759a,8ffde32b581f80dcbd51ed9342a19e6a
4797af22d52cc8c69aa6ba784aed4611,4797af22d52cc8c69aa6ba784aed4611
17949f09017692477417da562e7f8c32,17949f09017692477417da562e7f8c32
abf88de1dfff0675acb03fd1b03a3015,abf88de1dfff0675acb03fd1b03a3015
46b874da6fd6f0e87ee5cd1c8fa4d335,46b874da6fd6f0e87ee5cd1c8fa4d335
8be7dda8272870e91b341abc86b9c415,8be7dda8272870e91b341abc86b9c415
b7f0fc0f0ecc36063b85b0c0ee89b122,7474728530c7fc6e91239d6711dfe409
b7f0fc0f0ecc36063b85b0c0ee89b122,fa04b3b8b8b9471ca403f1c3436ddd88
ae8510f346af1ffbf33801c677495f41,3f6bad87e0b21b913cdb575f5b40c736
ae8510f346af1ffbf33801c677495f41,4f74e1399838598ab4db1f1adb10efda
ce4878d7ae822b9669e81d12ba9142dc,62ecce73e8f5b427fd4516b20f18da6e
ce4878d7ae822b9669e81d12ba9142dc,3fcede0b05060d496a3ab1d0f80a8dd0
ce4878d7ae822b9669e81d12ba9142dc,84bb4ff9bfc07c6611685fcc513eb6b4
bfc1809fb9c079b32ce3a4a3f51e3fbd,bfc1809fb9c079b32ce3a4a3f51e3fbd
2beef4603f9dbe7eff09357cc882c794,2beef4603f9dbe7eff09357cc882c794
f2bfbb7417310b3f6f6cfac2c894e8b2,f2bfbb7417310b3f6f6cfac2c894e8b2
36b2a1a6e590fdbb1442b1fc1118ae02,36b2a1a6e590fdbb1442b1fc1118ae02
24a538e6adfb5be6e3432d6270d63c76,24a538e6adfb5be6e3432d6270d63c76
89224310136350a38ca6b4baa3908ff8,e66b8a0acab164bdbf805b19348be653
89224310136350a38ca6b4baa3908ff8,466ba4c9b8cbe6450e4bcf43476730d2
814fa39d5eca91d164e8e054a24b634a,814fa39d5eca91d164e8e054a24b634a
3801aa8fc16b1d48d51b5b9f20dfcfb7,aefc8366d4e7f8c267ed1daaa21528af
3801aa8fc16b1d48d51b5b9f20dfcfb7,75749ab362209f57e7ef09fbee06fb56
321366567473bc67ecc7b933380f17e4,321366567473bc67ecc7b933380f17e4
492561cf76939197932bb7bc15df18bf,492561cf76939197932bb7bc15df18bf
